firstName,lastName,login,salary
Kevin,Harrison,urna.Ut@imperdiet.net,2695
Hunter,Noel,vulputate@massaQuisqueporttitor.edu,9018
Zachary,Silva,leo.Cras.vehicula@tellusimperdiet.ca,5378
Lareina,Keller,scelerisque@tristiquepellentesquetellus.org,7142
Caryn,Reese,commodo.ipsum.Suspendisse@sit.org,19346
Camille,Ford,nunc.ac.mattis@Vestibulum.com,10619
Bree,Bauer,lectus.convallis.est@feugiat.edu,15992
Tad,Frye,Aliquam@felispurusac.ca,17322
Jeanette,Delgado,metus.Aenean@tellusSuspendissesed.com,13951
Chantale,Delgado,lacus.varius.et@Curabiturdictum.edu,16200
Risa,Albert,suscipit.nonummy@tristique.ca,17275
India,Weeks,Vestibulum.ante.ipsum@dui.org,4311
Keiko,Avila,mauris.Suspendisse@egestas.edu,13698
Noelle,Garza,Pellentesque.ultricies@aduiCras.com,14693
Vivien,Camacho,lacus@pellentesqueeget.edu,17750
Stuart,Kline,Quisque@Donecest.com,12236
Dillon,Ashley,senectus.et.netus@sociis.edu,3380
Isabella,Mitchell,Nunc.laoreet@dignissim.com,11193
Nathaniel,Simpson,lectus.pede.et@disparturient.org,14154
Georgia,Gonzales,et@purusactellus.edu,16611
Harriet,Velazquez,purus.accumsan.interdum@Aliquam.ca,7912
Bradley,Nielsen,amet.consectetuer@sollicitudin.org,9084
Sybill,Arnold,eu.tempor.erat@Proin.edu,3572
Melyssa,Delgado,ipsum@ut.co.uk,10724
Wilma,Martin,dolor.Donec.fringilla@pretium.net,16951
Willow,Simmons,vulputate@Craspellentesque.co.uk,18643
Cameron,Henson,molestie@enimdiam.net,10196
Wayne,Harrell,sed.tortor@arcuimperdietullamcorper.edu,9548
Adrian,Slater,interdum.enim@sagittis.edu,4245
Savannah,Nixon,Nam.tempor@dolordapibusgravida.edu,12358
Brianna,Spears,orci.adipiscing.non@libero.net,7682
Joan,Nolan,at.sem@massa.co.uk,6766
Ivan,Velazquez,Phasellus@massaIntegervitae.edu,17886
Abigail,Ingram,id.ante.dictum@Lorem.edu,13926
Olympia,Schmidt,quis.massa.Mauris@Sedeu.co.uk,8791
Lyle,Mcdowell,eu@adipiscingelitAliquam.com,18133
Georgia,Harmon,cursus.a.enim@non.net,11927
Faith,Rich,erat.in@vehiculaPellentesque.edu,5098
Macon,Rose,vel.mauris.Integer@diam.ca,5049
Malik,Gill,pellentesque.a@Pellentesque.co.uk,14423
Reagan,Stanton,nunc.est.mollis@iaculis.com,11319
Ramona,Douglas,libero.nec@acipsumPhasellus.org,17542
Ira,Munoz,a.tortor@esttemporbibendum.com,10611
Ursa,Gonzales,Nulla.facilisi.Sed@Suspendisse.org,3329
Malik,Watson,magna@ultriciessemmagna.co.uk,2005
Brenna,Day,orci@sapien.edu,6272
Nita,Workman,tincidunt@tortor.co.uk,6292
Fitzgerald,Potts,non.arcu.Vivamus@vel.net,9448
Lane,Leblanc,nunc@nonsapien.net,19168
Lucius,Clark,ornare@vehiculaPellentesque.com,2297
Martina,Haynes,Integer.id@Uttinciduntvehicula.edu,9548
Leah,Lopez,consectetuer.mauris.id@disparturientmontes.com,16456
Penelope,Kirby,consectetuer@Inmi.com,12533
Kylynn,Boone,egestas.nunc@consectetuer.co.uk,1390
Bevis,Riggs,Suspendisse@insodaleselit.com,6797
Kessie,Conley,interdum.Nunc@Pellentesquehabitant.com,13311
Kennedy,Moses,dolor.dolor@variusorciin.co.uk,9025
Jorden,Mcleod,laoreet.lectus.quis@et.co.uk,8133
Mechelle,Cooke,enim@odio.net,15482
Vincent,Ferguson,id.erat.Etiam@vitaealiquet.com,7209
Dana,Cochran,varius.ultrices.mauris@magna.edu,9219
Cooper,Carroll,tincidunt.congue@malesuadavel.edu,19515
Scarlet,Robinson,fermentum.fermentum.arcu@nonmagnaNam.ca,16393
Cody,Galloway,ut.dolor.dapibus@vulputatenisi.net,2959
Mallory,Shaw,ac.sem@posuere.co.uk,11935
Luke,Nixon,Vivamus@risusNulla.com,18029
Deanna,Bradley,sagittis.semper@nonenim.com,10086
Eaton,Hernandez,et@utdolor.org,1305
Lana,Watson,mauris.ut.mi@adipiscingnon.edu,13820
Illana,Mckinney,non@venenatislacusEtiam.ca,14818
Patience,Blackburn,varius.ultrices@feugiat.net,13929
Adria,Torres,sollicitudin@inmolestietortor.org,2576
Lesley,Mccarthy,lorem@nibhlacinia.net,2881
Martin,Oneal,condimentum@iaculisodioNam.co.uk,11926
Dominique,Lynn,Fusce.diam@nibh.ca,15797
Amos,Ayers,velit.in@Fusce.ca,4156
Heidi,Mcguire,ornare.libero.at@tinciduntnibhPhasellus.edu,18677
Marny,Welch,Nunc.sed.orci@dolordolortempus.ca,6276
Shana,Newton,porttitor.interdum.Sed@sodaleseliterat.org,13441
Cameran,Steele,eu.tempor.erat@nonummy.edu,15010
Rhoda,Ratliff,tempor.augue.ac@lobortis.edu,18047
Alexandra,Ramirez,facilisis.facilisis.magna@velit.com,9866
Sawyer,Branch,molestie@dolor.net,10604
Hayley,Mercer,egestas@mollisduiin.org,8985
Samson,Douglas,sociis.natoque.penatibus@estac.co.uk,4257
Alika,Rivas,a.malesuada@lobortisrisusIn.ca,3560
Karleigh,Byers,mauris.id.sapien@felisDonectempor.ca,12459
Rose,Kirby,in.consequat.enim@non.com,16955
Xerxes,Gilmore,Phasellus@consequatenimdiam.co.uk,8412
Athena,Sellers,dapibus.gravida.Aliquam@atarcu.com,15952
Charissa,Roth,Aliquam@quis.ca,10165
Dai,Kramer,mi.lacinia.mattis@natoque.org,12950
Kellie,Bright,Integer.eu.lacus@et.ca,18619
Fiona,Kline,mi.felis@Aliquamtincidunt.net,9718
Halla,Sweet,cursus.a@erat.ca,15325
Danielle,Sheppard,Phasellus.vitae@aarcu.co.uk,7468
Dane,Snider,Nunc.ac@nec.ca,16633
Raya,Woodward,sem.vitae@cursusin.ca,8608
Nina,Humphrey,Morbi.non.sapien@atarcuVestibulum.org,6259
Jaquelyn,Juarez,orci@pellentesqueSed.com,16268